{
  "Total" : {
    "transaction" : "Total",
    "sampleCount" : 117200,
    "errorCount" : 0,
    "errorPct" : 0.0,
    "meanResTime" : 693.2542491467567,
    "medianResTime" : 828.0,
    "minResTime" : 34.0,
    "maxResTime" : 4068.0,
    "pct1ResTime" : 1994.9000000000015,
    "pct2ResTime" : 2285.0,
    "pct3ResTime" : 2865.970000000005,
    "throughput" : 13.810754948657458,
    "receivedKBytesPerSec" : 41109.1686727564,
    "sentKBytesPerSec" : 0.0
  },
  "getmap" : {
    "transaction" : "getmap",
    "sampleCount" : 117200,
    "errorCount" : 0,
    "errorPct" : 0.0,
    "meanResTime" : 693.2542491467567,
    "medianResTime" : 828.0,
    "minResTime" : 34.0,
    "maxResTime" : 4068.0,
    "pct1ResTime" : 1994.9000000000015,
    "pct2ResTime" : 2285.0,
    "pct3ResTime" : 2865.970000000005,
    "throughput" : 13.810754948657458,
    "receivedKBytesPerSec" : 41109.1686727564,
    "sentKBytesPerSec" : 0.0
  }
}