{
  "Total" : {
    "transaction" : "Total",
    "sampleCount" : 117200,
    "errorCount" : 0,
    "errorPct" : 0.0,
    "meanResTime" : 777.633105802056,
    "medianResTime" : 830.0,
    "minResTime" : 46.0,
    "maxResTime" : 4290.0,
    "pct1ResTime" : 2014.0,
    "pct2ResTime" : 2316.0,
    "pct3ResTime" : 2913.980000000003,
    "throughput" : 11.642161671281976,
    "receivedKBytesPerSec" : 34649.45992141919,
    "sentKBytesPerSec" : 0.0
  },
  "getmap" : {
    "transaction" : "getmap",
    "sampleCount" : 117200,
    "errorCount" : 0,
    "errorPct" : 0.0,
    "meanResTime" : 777.633105802056,
    "medianResTime" : 830.0,
    "minResTime" : 46.0,
    "maxResTime" : 4290.0,
    "pct1ResTime" : 2014.0,
    "pct2ResTime" : 2316.0,
    "pct3ResTime" : 2913.980000000003,
    "throughput" : 11.642161671281976,
    "receivedKBytesPerSec" : 34649.45992141919,
    "sentKBytesPerSec" : 0.0
  }
}