{
  "Total" : {
    "transaction" : "Total",
    "sampleCount" : 117200,
    "errorCount" : 0,
    "errorPct" : 0.0,
    "meanResTime" : 698.4334044368501,
    "medianResTime" : 826.0,
    "minResTime" : 16.0,
    "maxResTime" : 4170.0,
    "pct1ResTime" : 2011.0,
    "pct2ResTime" : 2305.0,
    "pct3ResTime" : 2897.9900000000016,
    "throughput" : 13.65560085284587,
    "receivedKBytesPerSec" : 40641.09200029877,
    "sentKBytesPerSec" : 0.0
  },
  "getmap" : {
    "transaction" : "getmap",
    "sampleCount" : 117200,
    "errorCount" : 0,
    "errorPct" : 0.0,
    "meanResTime" : 698.4334044368501,
    "medianResTime" : 826.0,
    "minResTime" : 16.0,
    "maxResTime" : 4170.0,
    "pct1ResTime" : 2011.0,
    "pct2ResTime" : 2305.0,
    "pct3ResTime" : 2897.9900000000016,
    "throughput" : 13.65560085284587,
    "receivedKBytesPerSec" : 40641.09200029877,
    "sentKBytesPerSec" : 0.0
  }
}