{
  "Total" : {
    "transaction" : "Total",
    "sampleCount" : 117200,
    "errorCount" : 0,
    "errorPct" : 0.0,
    "meanResTime" : 695.4007167235542,
    "medianResTime" : 824.0,
    "minResTime" : 26.0,
    "maxResTime" : 4110.0,
    "pct1ResTime" : 2003.0,
    "pct2ResTime" : 2296.9500000000007,
    "pct3ResTime" : 2871.9900000000016,
    "throughput" : 13.77963356050917,
    "receivedKBytesPerSec" : 41006.11074037746,
    "sentKBytesPerSec" : 0.0
  },
  "getmap" : {
    "transaction" : "getmap",
    "sampleCount" : 117200,
    "errorCount" : 0,
    "errorPct" : 0.0,
    "meanResTime" : 695.4007167235542,
    "medianResTime" : 824.0,
    "minResTime" : 26.0,
    "maxResTime" : 4110.0,
    "pct1ResTime" : 2003.0,
    "pct2ResTime" : 2296.9500000000007,
    "pct3ResTime" : 2871.9900000000016,
    "throughput" : 13.77963356050917,
    "receivedKBytesPerSec" : 41006.11074037746,
    "sentKBytesPerSec" : 0.0
  }
}