{
  "Total" : {
    "transaction" : "Total",
    "sampleCount" : 117200,
    "errorCount" : 0,
    "errorPct" : 0.0,
    "meanResTime" : 697.906160409557,
    "medianResTime" : 835.0,
    "minResTime" : 27.0,
    "maxResTime" : 4190.0,
    "pct1ResTime" : 2005.0,
    "pct2ResTime" : 2304.0,
    "pct3ResTime" : 2860.970000000005,
    "throughput" : 13.676014743957465,
    "receivedKBytesPerSec" : 40713.90114780432,
    "sentKBytesPerSec" : 0.0
  },
  "getmap" : {
    "transaction" : "getmap",
    "sampleCount" : 117200,
    "errorCount" : 0,
    "errorPct" : 0.0,
    "meanResTime" : 697.906160409557,
    "medianResTime" : 835.0,
    "minResTime" : 27.0,
    "maxResTime" : 4190.0,
    "pct1ResTime" : 2005.0,
    "pct2ResTime" : 2304.0,
    "pct3ResTime" : 2860.970000000005,
    "throughput" : 13.676014743957465,
    "receivedKBytesPerSec" : 40713.90114780432,
    "sentKBytesPerSec" : 0.0
  }
}