{
  "Total" : {
    "transaction" : "Total",
    "sampleCount" : 117200,
    "errorCount" : 0,
    "errorPct" : 0.0,
    "meanResTime" : 706.3550255972708,
    "medianResTime" : 852.0,
    "minResTime" : 20.0,
    "maxResTime" : 4017.0,
    "pct1ResTime" : 2039.9000000000015,
    "pct2ResTime" : 2341.0,
    "pct3ResTime" : 2921.980000000003,
    "throughput" : 13.589349567581564,
    "receivedKBytesPerSec" : 40446.63810972568,
    "sentKBytesPerSec" : 0.0
  },
  "getmap" : {
    "transaction" : "getmap",
    "sampleCount" : 117200,
    "errorCount" : 0,
    "errorPct" : 0.0,
    "meanResTime" : 706.3550255972708,
    "medianResTime" : 852.0,
    "minResTime" : 20.0,
    "maxResTime" : 4017.0,
    "pct1ResTime" : 2039.9000000000015,
    "pct2ResTime" : 2341.0,
    "pct3ResTime" : 2921.980000000003,
    "throughput" : 13.589349567581564,
    "receivedKBytesPerSec" : 40446.63810972568,
    "sentKBytesPerSec" : 0.0
  }
}