{
  "Total" : {
    "transaction" : "Total",
    "sampleCount" : 117200,
    "errorCount" : 0,
    "errorPct" : 0.0,
    "meanResTime" : 734.6337116040781,
    "medianResTime" : 722.0,
    "minResTime" : 33.0,
    "maxResTime" : 4582.0,
    "pct1ResTime" : 1928.0,
    "pct2ResTime" : 2243.9500000000007,
    "pct3ResTime" : 2866.970000000005,
    "throughput" : 12.177796240739239,
    "receivedKBytesPerSec" : 34616.17777957842,
    "sentKBytesPerSec" : 0.0
  },
  "getmap" : {
    "transaction" : "getmap",
    "sampleCount" : 117200,
    "errorCount" : 0,
    "errorPct" : 0.0,
    "meanResTime" : 734.6337116040781,
    "medianResTime" : 722.0,
    "minResTime" : 33.0,
    "maxResTime" : 4582.0,
    "pct1ResTime" : 1928.0,
    "pct2ResTime" : 2243.9500000000007,
    "pct3ResTime" : 2866.970000000005,
    "throughput" : 12.177796240739239,
    "receivedKBytesPerSec" : 34616.17777957842,
    "sentKBytesPerSec" : 0.0
  }
}