{
  "Total" : {
    "transaction" : "Total",
    "sampleCount" : 117200,
    "errorCount" : 0,
    "errorPct" : 0.0,
    "meanResTime" : 601.2314590443704,
    "medianResTime" : 702.0,
    "minResTime" : 29.0,
    "maxResTime" : 3636.0,
    "pct1ResTime" : 1727.9000000000015,
    "pct2ResTime" : 1994.0,
    "pct3ResTime" : 2499.9900000000016,
    "throughput" : 15.8508655357011,
    "receivedKBytesPerSec" : 47185.38567687173,
    "sentKBytesPerSec" : 0.0
  },
  "getmap" : {
    "transaction" : "getmap",
    "sampleCount" : 117200,
    "errorCount" : 0,
    "errorPct" : 0.0,
    "meanResTime" : 601.2314590443704,
    "medianResTime" : 702.0,
    "minResTime" : 29.0,
    "maxResTime" : 3636.0,
    "pct1ResTime" : 1727.9000000000015,
    "pct2ResTime" : 1994.0,
    "pct3ResTime" : 2499.9900000000016,
    "throughput" : 15.8508655357011,
    "receivedKBytesPerSec" : 47185.38567687173,
    "sentKBytesPerSec" : 0.0
  }
}