{
  "Total" : {
    "transaction" : "Total",
    "sampleCount" : 117200,
    "errorCount" : 0,
    "errorPct" : 0.0,
    "meanResTime" : 887.4270563139938,
    "medianResTime" : 921.0,
    "minResTime" : 58.0,
    "maxResTime" : 5289.0,
    "pct1ResTime" : 2210.0,
    "pct2ResTime" : 2542.0,
    "pct3ResTime" : 3203.980000000003,
    "throughput" : 10.048808744589978,
    "receivedKBytesPerSec" : 29915.07582415531,
    "sentKBytesPerSec" : 0.0
  },
  "getmap" : {
    "transaction" : "getmap",
    "sampleCount" : 117200,
    "errorCount" : 0,
    "errorPct" : 0.0,
    "meanResTime" : 887.4270563139938,
    "medianResTime" : 921.0,
    "minResTime" : 58.0,
    "maxResTime" : 5289.0,
    "pct1ResTime" : 2210.0,
    "pct2ResTime" : 2542.0,
    "pct3ResTime" : 3203.980000000003,
    "throughput" : 10.048808744589978,
    "receivedKBytesPerSec" : 29915.07582415531,
    "sentKBytesPerSec" : 0.0
  }
}