{
  "Total" : {
    "transaction" : "Total",
    "sampleCount" : 117200,
    "errorCount" : 0,
    "errorPct" : 0.0,
    "meanResTime" : 571.396168941983,
    "medianResTime" : 592.0,
    "minResTime" : 20.0,
    "maxResTime" : 3672.0,
    "pct1ResTime" : 1677.0,
    "pct2ResTime" : 1949.0,
    "pct3ResTime" : 2465.9900000000016,
    "throughput" : 16.50116458517804,
    "receivedKBytesPerSec" : 46559.62959156102,
    "sentKBytesPerSec" : 0.0
  },
  "getmap" : {
    "transaction" : "getmap",
    "sampleCount" : 117200,
    "errorCount" : 0,
    "errorPct" : 0.0,
    "meanResTime" : 571.396168941983,
    "medianResTime" : 592.0,
    "minResTime" : 20.0,
    "maxResTime" : 3672.0,
    "pct1ResTime" : 1677.0,
    "pct2ResTime" : 1949.0,
    "pct3ResTime" : 2465.9900000000016,
    "throughput" : 16.50116458517804,
    "receivedKBytesPerSec" : 46559.62959156102,
    "sentKBytesPerSec" : 0.0
  }
}