{
  "Total" : {
    "transaction" : "Total",
    "sampleCount" : 117200,
    "errorCount" : 0,
    "errorPct" : 0.0,
    "meanResTime" : 600.9360324232066,
    "medianResTime" : 701.0,
    "minResTime" : 29.0,
    "maxResTime" : 3566.0,
    "pct1ResTime" : 1724.9000000000015,
    "pct2ResTime" : 1993.0,
    "pct3ResTime" : 2498.9900000000016,
    "throughput" : 15.980334916186417,
    "receivedKBytesPerSec" : 47568.72234397323,
    "sentKBytesPerSec" : 0.0
  },
  "getmap" : {
    "transaction" : "getmap",
    "sampleCount" : 117200,
    "errorCount" : 0,
    "errorPct" : 0.0,
    "meanResTime" : 600.9360324232066,
    "medianResTime" : 701.0,
    "minResTime" : 29.0,
    "maxResTime" : 3566.0,
    "pct1ResTime" : 1724.9000000000015,
    "pct2ResTime" : 1993.0,
    "pct3ResTime" : 2498.9900000000016,
    "throughput" : 15.980334916186417,
    "receivedKBytesPerSec" : 47568.72234397323,
    "sentKBytesPerSec" : 0.0
  }
}