{
  "Total" : {
    "transaction" : "Total",
    "sampleCount" : 117200,
    "errorCount" : 0,
    "errorPct" : 0.0,
    "meanResTime" : 572.2987201365222,
    "medianResTime" : 596.0,
    "minResTime" : 21.0,
    "maxResTime" : 3689.0,
    "pct1ResTime" : 1682.0,
    "pct2ResTime" : 1959.0,
    "pct3ResTime" : 2479.970000000005,
    "throughput" : 16.525329509007364,
    "receivedKBytesPerSec" : 46617.61381890649,
    "sentKBytesPerSec" : 0.0
  },
  "getmap" : {
    "transaction" : "getmap",
    "sampleCount" : 117200,
    "errorCount" : 0,
    "errorPct" : 0.0,
    "meanResTime" : 572.2987201365222,
    "medianResTime" : 596.0,
    "minResTime" : 21.0,
    "maxResTime" : 3689.0,
    "pct1ResTime" : 1682.0,
    "pct2ResTime" : 1959.0,
    "pct3ResTime" : 2479.970000000005,
    "throughput" : 16.525329509007364,
    "receivedKBytesPerSec" : 46617.61381890649,
    "sentKBytesPerSec" : 0.0
  }
}